{"count":1,"self":18721.854259199998,"total":67370.246573,"children":{"InitializeActuators":{"count":256,"self":0.0060021,"total":0.0060021,"children":null},"InitializeSensors":{"count":256,"self":0.0030007,"total":0.0030007,"children":null},"AgentSendState":{"count":3133072,"self":138.71208959999998,"total":1564.2735532,"children":{"CollectObservations":{"count":66839040,"self":1217.0611712,"total":1217.0611922,"children":null},"WriteActionMask":{"count":66839040,"self":26.9496352,"total":26.9496351,"children":null},"RequestDecision":{"count":66839040,"self":50.5337824,"total":181.5506312,"children":{"AgentInfo.ToProto":{"count":33419520,"self":33.980022399999996,"total":131.0168498,"children":{"GenerateSensorData":{"count":33419520,"self":97.0368256,"total":97.036827399999993,"children":null}}}}}}},"DecideAction":{"count":3133072,"self":46272.495616,"total":46272.494241299995,"children":null},"AgentAct":{"count":3133072,"self":788.2157568,"total":788.21573389999992,"children":null},"AgentInfo.ToProto":{"count":1994567,"self":7.2413247999999992,"total":23.3991267,"children":{"GenerateSensorData":{"count":1994567,"self":16.1578016,"total":16.157802,"children":null}}}},"gauges":{"Foosbots_MultiRod_5.CumulativeReward":{"count":3989134,"max":46.026886,"min":-42.1016731,"runningAverage":0.161700234,"value":-0.1969161,"weightedAverage":-0.7991648}},"metadata":{"timer_format_version":"0.1.0","start_time_seconds":"1681510828","unity_version":"2021.3.11f1","command_line_arguments":"C:\\Foosball Sim\\Foosbots_SPR_23\\BallTouchV2\/Foosbots_MultiRod_5.exe --mlagents-port 5006 -logFile C:\\Foosball Sim\\Foosbots_SPR_23\\results\\curr_instant_rewards\\run_logs\\Player-1.log","communication_protocol_version":"1.5.0","com.unity.ml-agents_version":"2.0.1","scene_name":"BallTouchTrainer","end_time_seconds":"1681578198"}}