{"count":1,"self":1777.9279872,"total":2080.3884124,"children":{"InitializeActuators":{"count":128,"self":0.0059799,"total":0.0059799,"children":null},"InitializeSensors":{"count":128,"self":0.0009968,"total":0.0009968,"children":null},"AgentSendState":{"count":93517,"self":3.2898918,"total":37.3545333,"children":{"CollectObservations":{"count":997632,"self":27.6217856,"total":27.6217844,"children":null},"WriteActionMask":{"count":997632,"self":0.61623379999999994,"total":0.61623379999999994,"children":null},"RequestDecision":{"count":997632,"self":1.937452,"total":5.8266233,"children":{"AgentInfo.ToProto":{"count":498816,"self":0.9744801,"total":3.8891712999999997,"children":{"GenerateSensorData":{"count":498816,"self":2.9146912,"total":2.9146912,"children":null}}}}}}},"DecideAction":{"count":93517,"self":255.34466559999998,"total":255.3446687,"children":null},"AgentAct":{"count":93517,"self":9.7368712,"total":9.7541795999999987,"children":{"AgentInfo.ToProto":{"count":752,"self":0.0073482999999999995,"total":0.017308499999999997,"children":{"GenerateSensorData":{"count":752,"self":0.0099601999999999989,"total":0.0099601999999999989,"children":null}}}}}},"gauges":{"Foosbots_MultiRod_5.CumulativeReward":{"count":1504,"max":1.55697036,"min":-1.80841541,"runningAverage":0.263211757,"value":1.1175878,"weightedAverage":0.5583593}},"metadata":{"timer_format_version":"0.1.0","start_time_seconds":"1677208668","unity_version":"2021.3.11f1","command_line_arguments":"X:\\Programs\\Unity\\Editor\\Unity.exe -projectpath X:\\Programs\\Unity\\Projects\\Foosbots_SPR_23 -useHub -hubIPC -cloudEnvironment production -licensingIpc LicenseClient-iZRsEX6vi1qd00cv5goX- -hubSessionId 7a139650-a9a7-11ed-842b-cf2c126231d0 -accessToken RPaMV1ftwG9h4U1k-XtR79dkJMxNnjUuWRcnMJtfZJE012f","communication_protocol_version":"1.5.0","com.unity.ml-agents_version":"2.0.1","scene_name":"SampleScene","end_time_seconds":"1677210748"}}