{"count":1,"self":24966.8583424,"total":52267.571915399996,"children":{"InitializeActuators":{"count":256,"self":0.0055284999999999996,"total":0.0055284999999999996,"children":null},"InitializeSensors":{"count":256,"self":0.0020109,"total":0.0020109,"children":null},"AgentSendState":{"count":3692082,"self":113.3135872,"total":1317.7473539,"children":{"CollectObservations":{"count":47431168,"self":952.98355199999992,"total":952.9835409,"children":null},"WriteActionMask":{"count":47431168,"self":20.388104,"total":20.3881043,"children":null},"RequestDecision":{"count":47431168,"self":52.2473728,"total":231.0621275,"children":{"AgentInfo.ToProto":{"count":47431168,"self":49.3268,"total":178.8147535,"children":{"GenerateSensorData":{"count":47431168,"self":129.4879488,"total":129.4879546,"children":null}}}}}}},"DecideAction":{"count":3692082,"self":25425.838079999998,"total":25425.8377402,"children":null},"AgentAct":{"count":3692082,"self":547.30905599999994,"total":547.309047,"children":null},"AgentInfo.ToProto":{"count":912682,"self":2.93878,"total":9.8102222,"children":{"GenerateSensorData":{"count":912682,"self":6.8714423999999994,"total":6.8714420999999994,"children":null}}}},"gauges":{"Foosbots_MultiRod_5.CumulativeReward":{"count":912682,"max":32.6486244,"min":-33.83263,"runningAverage":-0.394444346,"value":-0.3261082,"weightedAverage":-0.712150753}},"metadata":{"timer_format_version":"0.1.0","start_time_seconds":"1682201409","unity_version":"2021.3.11f1","command_line_arguments":"C:\\Foosball Sim\\Foosbots_SPR_23\\SPBuild\/Foosbots_MultiRod_5.exe --mlagents-port 5008 -logFile C:\\Foosball Sim\\Foosbots_SPR_23\\results\\SP1\\run_logs\\Player-3.log","communication_protocol_version":"1.5.0","com.unity.ml-agents_version":"2.0.1","scene_name":"BallTouchTrainer","end_time_seconds":"1682253676"}}