{"count":1,"self":25649.163468799998,"total":62464.8982928,"children":{"InitializeActuators":{"count":256,"self":0.0070009,"total":0.0070009,"children":null},"InitializeSensors":{"count":256,"self":0,"total":0,"children":null},"AgentSendState":{"count":2355874,"self":120.82571519999999,"total":1227.6159536,"children":{"CollectObservations":{"count":50258688,"self":929.04447999999991,"total":929.0444702,"children":null},"WriteActionMask":{"count":50258688,"self":23.612796799999998,"total":23.612797399999998,"children":null},"RequestDecision":{"count":50258688,"self":41.4963008,"total":154.1329673,"children":{"AgentInfo.ToProto":{"count":25129344,"self":29.227014399999998,"total":112.6366674,"children":{"GenerateSensorData":{"count":25129344,"self":83.4096512,"total":83.4096515,"children":null}}}}}}},"DecideAction":{"count":2355874,"self":35057.6934912,"total":35057.6948576,"children":null},"AgentAct":{"count":2355874,"self":527.4906624,"total":527.4906457,"children":null},"AgentInfo.ToProto":{"count":164797,"self":1.0161714,"total":2.9251814,"children":{"GenerateSensorData":{"count":164797,"self":1.9090099999999999,"total":1.9090099999999999,"children":null}}}},"gauges":{"Foosbots_MultiRod_5.CumulativeReward":{"count":329594,"max":13.5200815,"min":-5,"runningAverage":2.19690633,"value":4.816539,"weightedAverage":3.72712421}},"metadata":{"timer_format_version":"0.1.0","start_time_seconds":"1680136836","unity_version":"2021.3.11f1","command_line_arguments":"C:\\Foosball Sim\\Foosbots_SPR_23\\BuildsTest\/Foosbots_MultiRod_5.exe --mlagents-port 5007 -logFile C:\\Foosball Sim\\Foosbots_SPR_23\\results\\B_noPen_noIP_ROpp\\run_logs\\Player-2.log","communication_protocol_version":"1.5.0","com.unity.ml-agents_version":"2.0.1","scene_name":"Inference Test","end_time_seconds":"1680199301"}}