{"count":1,"self":13903.593471999999,"total":39794.454175499995,"children":{"InitializeActuators":{"count":256,"self":0.0049999,"total":0.0049999,"children":null},"InitializeSensors":{"count":256,"self":0.0029988999999999997,"total":0.0029988999999999997,"children":null},"AgentSendState":{"count":2110735,"self":84.451135999999991,"total":941.77035649999993,"children":{"CollectObservations":{"count":36023424,"self":715.565568,"total":715.5655934,"children":null},"WriteActionMask":{"count":36023424,"self":16.7190416,"total":16.7190418,"children":null},"RequestDecision":{"count":36023424,"self":31.153132799999998,"total":125.03458839999999,"children":{"AgentInfo.ToProto":{"count":22514688,"self":23.900454399999997,"total":93.88145449999999,"children":{"GenerateSensorData":{"count":22514688,"self":69.98099839999999,"total":69.9810001,"children":null}}}}}}},"DecideAction":{"count":2110735,"self":24485.984665599997,"total":24485.9839832,"children":null},"AgentAct":{"count":2110735,"self":458.99269119999997,"total":458.9927029,"children":null},"AgentInfo.ToProto":{"count":265895,"self":1.4715327999999999,"total":4.1039097999999994,"children":{"GenerateSensorData":{"count":265895,"self":2.632377,"total":2.632377,"children":null}}}},"gauges":{"Foosbots_MultiRod_5.CumulativeReward":{"count":531672,"max":11.500433,"min":-10.2719965,"runningAverage":0.502181351,"value":-0.597274,"weightedAverage":0.230171114}},"metadata":{"timer_format_version":"0.1.0","start_time_seconds":"1682015329","unity_version":"2021.3.11f1","command_line_arguments":"C:\\Foosball Sim\\Foosbots_SPR_23\\CurriculumBuild\/Foosbots_MultiRod_5.exe --mlagents-port 5005 -logFile C:\\Foosball Sim\\Foosbots_SPR_23\\results\\curr_Combination\\run_logs\\Player-0.log","communication_protocol_version":"1.5.0","com.unity.ml-agents_version":"2.0.1","scene_name":"BallTouchTrainer","end_time_seconds":"1682055123"}}